{"cameraMode":{"drawMode":0,"name":"Shaded","section":"Shading Mode"},"sceneLighting":true,"audioPlay":false,"sceneViewState":{"m_AlwaysRefresh":false,"showFog":true,"showSkybox":true,"showFlares":true,"showImageEffects":true,"showParticleSystems":true,"showVisualEffectGraphs":true,"m_FxEnabled":true},"in2DMode":false,"pivot":{"x":21.990751266479493,"y":-0.10168731212615967,"z":11.178184509277344},"rotation":{"x":-0.09022461622953415,"y":0.9095861911773682,"z":-0.29638803005218508,"w":-0.27688923478126528},"size":11.242923736572266,"orthographic":false}