{"cameraMode":{"drawMode":0,"name":"Shaded","section":"Shading Mode"},"sceneLighting":true,"audioPlay":false,"sceneViewState":{"m_AlwaysRefresh":false,"showFog":true,"showSkybox":true,"showFlares":true,"showImageEffects":true,"showParticleSystems":true,"showVisualEffectGraphs":true,"m_FxEnabled":true},"in2DMode":false,"pivot":{"x":60.98487091064453,"y":-4.000323295593262,"z":45.424346923828128},"rotation":{"x":0.32389935851097109,"y":0.036026373505592349,"z":-0.011593922972679139,"w":0.9455373287200928},"size":6.4491472244262699,"orthographic":false}