{"cameraMode":{"drawMode":0,"name":"Shaded","section":"Shading Mode"},"sceneLighting":true,"audioPlay":false,"sceneViewState":{"m_AlwaysRefresh":false,"showFog":true,"showSkybox":true,"showFlares":true,"showImageEffects":true,"showParticleSystems":true,"showVisualEffectGraphs":true,"m_FxEnabled":true},"in2DMode":false,"pivot":{"x":259.2060852050781,"y":32.88984680175781,"z":287.3519287109375},"rotation":{"x":-0.44913506507873537,"y":0.052901651710271838,"z":-0.026303384453058244,"w":-0.8918507099151611},"size":143.46168518066407,"orthographic":false}